"CPC21code","CPC21partial","CPC2code","CPC2partial"
"01111",0,"01111",0
"01112",0,"01112",0
"01121",0,"01121",0
"01122",0,"01122",0
"01131",0,"01131",0
"01132",0,"01132",0
"01141",0,"01141",0
"01142",0,"01142",0
"01151",0,"01151",0
"01152",0,"01152",0
"01161",0,"01161",0
"01162",0,"01162",0
"01171",0,"01171",0
"01172",0,"01172",0
"01181",0,"01181",0
"01182",0,"01182",0
"01191",0,"01190",1
"01192",0,"01190",1
"01193",0,"01190",1
"01194",0,"01190",1
"01195",0,"01190",1
"01199",0,"01190",1
"01211",0,"01211",0
"01212",0,"01212",0
"01213",0,"01213",0
"01214",0,"01214",0
"01215",0,"01215",0
"01216",0,"01216",0
"01219",0,"01219",0
"01221",0,"01221",0
"01229",0,"01229",0
"01231",0,"01231",0
"01232",0,"01232",0
"01233",0,"01233",0
"01234",0,"01234",0
"01235",0,"01235",0
"01239",0,"01239",0
"01241",0,"01241",0
"01242",0,"01242",0
"01243",0,"01249",1
"01249",0,"01249",1
"01251",0,"01251",0
"01252",0,"01252",0
"01253",0,"01253",0
"01254",0,"01254",0
"01259",0,"01259",0
"01260",0,"01260",0
"01270",0,"01270",0
"01290",0,"01290",0
"01311",0,"01311",0
"01312",0,"01312",0
"01313",0,"01313",0
"01314",0,"01314",0
"01315",0,"01315",0
"01316",0,"01316",0
"01317",0,"01317",0
"01318",0,"01318",0
"01319",0,"01319",0
"01321",0,"01321",0
"01322",0,"01322",0
"01323",0,"01323",0
"01324",0,"01324",0
"01329",0,"01329",0
"01330",0,"01330",0
"01341",0,"01351",0
"01342",0,"01352",0
"01343",0,"01353",0
"01344",0,"01354",0
"01345",0,"01355",0
"01346",0,"01356",0
"01349",0,"01359",0
"01351",0,"01341",0
"01352",0,"01342",0
"01353",0,"01343",0
"01354",0,"01344",0
"01355",0,"01349",0
"01356",0,"01391",0
"01359",0,"01399",0
"01360",0,"01360",1
"01371",0,"01371",0
"01372",0,"01372",0
"01373",0,"01373",0
"01374",0,"01374",0
"01375",0,"01375",0
"01376",0,"01376",0
"01377",0,"01377",0
"01379",0,"01379",0
"01411",0,"01411",0
"01412",0,"01412",0
"01421",0,"01421",0
"01422",0,"01422",0
"01431",0,"01431",0
"01432",0,"01432",0
"01441",0,"01441",0
"01442",0,"01442",0
"01443",0,"01443",0
"01444",0,"01444",0
"01445",0,"01445",0
"01446",0,"01446",0
"01447",0,"01449",1
"01448",0,"01449",1
"01449",0,"01449",1
"01450",0,"01450",0
"01460",0,"01460",0
"01491",0,"01491",0
"01492",0,"01499",1
"01499",0,"01499",1
"01510",0,"01510",0
"01520",0,"01592",0
"01530",0,"01591",0
"01540",0,"01593",0
"01550",0,"01599",1
"01591",0,"01599",1
"01599",0,"01599",1
"01610",0,"01610",0
"01620",0,"01620",0
"01630",0,"01630",0
"01640",0,"01640",0
"01651",0,"01651",0
"01652",0,"01652",0
"01653",0,"01653",0
"01654",0,"01654",0
"01655",0,"01655",0
"01656",0,"01656",0
"01657",0,"01657",0
"01658",0,"01658",0
"01659",0,"01659",0
"01691",0,"01690",1
"01699",0,"01690",1
"01701",0,"01701",0
"01702",0,"01702",0
"01703",0,"01703",0
"01704",0,"01704",0
"01705",0,"01705",0
"01706",0,"01709",1
"01707",0,"01709",1
"01708",0,"01709",1
"01709",0,"01709",1
"01801",0,"01801",0
"01802",0,"01802",0
"01803",0,"01803",0
"01809",0,"01809",0
"01911",0,"01911",0
"01912",0,"01912",0
"01913",0,"01913",0
"01919",0,"01919",0
"01921",0,"01921",0
"01922",0,"01922",0
"01929",0,"01929",0
"01930",0,"01930",0
"01940",0,"01940",0
"01950",0,"01950",0
"01961",0,"01961",0
"01962",0,"01962",0
"01963",0,"01963",0
"01970",0,"01970",0
"01990",1,"01360",1
"01990",1,"01990",0
"02111",0,"02111",1
"02112",0,"02112",1
"02119",1,"02111",1
"02119",1,"02112",1
"02121",0,"02121",0
"02122",0,"02122",0
"02123",0,"02123",0
"02129",0,"02129",0
"02131",0,"02130",1
"02132",0,"02130",1
"02133",0,"02130",1
"02140",0,"02140",0
"02151",0,"02151",0
"02152",0,"02152",0
"02153",0,"02153",0
"02154",0,"02154",0
"02155",0,"02155",0
"02191",0,"02191",0
"02192",0,"02192",0
"02193",0,"02193",0
"02194",0,"02194",0
"02195",0,"02195",0
"02196",0,"02196",0
"02199",0,"02199",0
"02211",0,"02211",0
"02212",0,"02212",0
"02291",0,"02291",0
"02292",0,"02292",0
"02293",0,"02293",0
"02299",0,"02299",0
"02311",0,"02330",1
"02312",0,"02310",0
"02321",0,"02330",1
"02322",0,"02320",0
"02411",0,"02411",0
"02419",0,"02419",0
"02420",0,"02420",0
"02910",0,"02910",0
"02920",0,"02920",0
"02930",0,"02930",0
"02941",0,"02941",0
"02942",0,"02942",0
"02943",0,"02943",0
"02944",0,"02944",0
"02951",0,"02951",0
"02952",0,"02952",0
"02953",0,"02953",0
"02954",0,"02954",0
"02955",0,"02955",0
"02959",0,"02959",0
"02960",0,"02960",0
"03110",0,"03110",0
"03120",0,"03120",0
"03131",0,"03130",1
"03132",0,"03130",1
"03211",0,"03211",0
"03219",0,"03219",0
"03220",0,"03220",0
"03230",0,"03230",0
"03241",0,"03241",0
"03249",0,"03249",0
"03250",0,"03250",0
"04111",0,"04111",1
"04112",0,"04111",1
"04191",0,"04119",1
"04192",0,"04119",1
"04211",1,"04119",1
"04211",1,"04120",1
"04212",1,"04119",1
"04212",1,"04120",1
"04221",1,"04119",1
"04221",1,"04120",1
"04222",1,"04119",1
"04222",1,"04120",1
"04231",1,"04119",1
"04231",1,"04120",1
"04232",1,"04119",1
"04232",1,"04120",1
"04241",1,"04119",1
"04241",1,"04120",1
"04242",1,"04119",1
"04242",1,"04120",1
"04251",1,"04119",1
"04251",1,"04120",1
"04252",1,"04119",1
"04252",1,"04120",1
"04261",1,"04119",1
"04261",1,"04120",1
"04262",1,"04119",1
"04262",1,"04120",1
"04291",1,"04119",1
"04291",1,"04120",1
"04292",1,"04119",1
"04292",1,"04120",1
"04311",0,"04210",1
"04312",0,"04210",1
"04321",0,"04210",1
"04322",0,"04210",1
"04331",0,"04210",1
"04332",0,"04210",1
"04341",0,"04210",1
"04342",0,"04210",1
"04351",0,"04210",1
"04352",0,"04210",1
"04361",0,"04210",1
"04362",0,"04210",1
"04391",0,"04210",1
"04392",0,"04210",1
"04411",0,"04291",1
"04412",0,"04291",1
"04421",0,"04220",1
"04422",0,"04220",1
"04431",0,"04291",1
"04432",0,"04291",1
"04441",0,"04291",1
"04442",0,"04291",1
"04451",0,"04291",1
"04452",0,"04291",1
"04461",0,"04291",1
"04462",0,"04291",1
"04471",0,"04291",1
"04472",0,"04291",1
"04491",0,"04291",1
"04492",0,"04291",1
"04511",0,"04299",1
"04512",0,"04299",1
"04521",0,"04299",1
"04522",0,"04299",1
"04530",0,"04299",1
"04590",0,"04299",1
"04911",0,"04910",0
"04912",1,"04291",1
"04912",1,"04299",1
"04912",1,"04930",1
"04913",1,"04291",1
"04913",1,"04299",1
"04913",1,"04930",1
"04920",0,"04920",0
"04931",0,"04930",1
"04932",0,"04930",1
"04933",0,"04930",1
"04934",0,"04930",1
"11010",0,"11010",0
"11020",0,"11020",0
"11030",0,"11030",0
"11040",0,"11040",0
"11050",0,"11050",0
"12010",0,"12010",0
"12020",0,"12020",0
"12030",0,"12030",0
"13000",0,"13000",0
"14100",0,"14100",0
"14210",0,"14210",0
"14220",0,"14220",0
"14230",0,"14230",0
"14240",0,"14240",0
"14290",0,"14290",0
"15110",0,"15110",0
"15120",0,"15120",0
"15130",0,"15130",0
"15200",0,"15200",0
"15310",0,"15310",0
"15320",0,"15320",0
"15330",0,"15330",0
"15400",0,"15400",0
"16110",0,"16110",0
"16120",0,"16120",0
"16190",0,"16190",0
"16200",0,"16200",0
"16310",0,"16310",0
"16320",0,"16320",0
"16330",0,"16330",0
"16390",0,"16390",0
"17100",0,"17100",0
"17200",0,"17200",0
"17300",0,"17300",0
"17400",0,"17400",0
"18000",0,"18000",0
"21111",0,"21111",0
"21112",0,"21112",0
"21113",0,"21113",0
"21114",0,"21114",0
"21115",0,"21115",0
"21116",0,"21116",0
"21117",0,"21117",0
"21118",0,"21118",0
"21119",0,"21119",0
"21121",0,"21121",0
"21122",0,"21122",0
"21123",0,"21123",0
"21124",0,"21124",0
"21125",0,"21125",0
"21131",0,"21131",0
"21132",0,"21132",0
"21133",0,"21133",0
"21134",0,"21134",0
"21135",0,"21135",0
"21136",0,"21136",0
"21137",0,"21137",0
"21138",0,"21138",0
"21139",0,"21139",0
"21141",0,"21141",0
"21142",0,"21142",0
"21143",0,"21143",0
"21144",0,"21144",0
"21145",0,"21145",0
"21151",0,"21151",0
"21152",0,"21152",0
"21153",0,"21153",0
"21155",0,"21155",0
"21156",0,"21156",0
"21159",0,"21159",0
"21160",0,"21160",0
"21170",0,"21190",0
"21181",0,"21171",0
"21182",0,"21172",0
"21183",0,"21173",0
"21184",0,"21174",0
"21185",0,"21175",0
"21186",0,"21176",0
"21189",0,"21179",0
"21190",0,"21180",0
"21211",0,"21210",1
"21212",0,"21210",1
"21213",0,"21210",1
"21214",0,"21210",1
"21215",0,"21210",1
"21216",0,"21210",1
"21219",0,"21210",1
"21221",0,"21221",0
"21222",0,"21222",0
"21223",0,"21223",0
"21224",0,"21224",0
"21225",0,"21225",0
"21226",0,"21226",0
"21227",0,"21227",0
"21231",0,"21231",1
"21232",0,"21232",1
"21233",0,"21233",1
"21234",1,"21231",1
"21234",1,"21232",1
"21234",1,"21233",1
"21241",0,"21241",0
"21242",0,"21242",0
"21243",0,"21243",0
"21251",1,"04210",1
"21251",1,"21250",1
"21252",1,"04210",1
"21252",1,"21250",1
"21253",1,"04210",1
"21253",1,"21250",1
"21254",1,"04210",1
"21254",1,"21250",1
"21255",1,"04210",1
"21255",1,"21250",1
"21256",1,"04210",1
"21256",1,"21250",1
"21259",1,"04210",1
"21259",1,"21250",1
"21261",0,"21261",1
"21262",0,"04220",1
"21263",0,"21261",1
"21264",0,"21261",1
"21265",0,"21261",1
"21266",0,"21261",1
"21267",0,"21261",1
"21268",0,"21261",1
"21269",1,"04299",1
"21269",1,"21269",0
"21270",0,"21270",0
"21280",0,"21280",0
"21291",0,"21291",0
"21299",0,"21299",0
"21311",0,"21311",0
"21312",0,"21312",0
"21313",0,"21313",0
"21319",0,"21319",0
"21321",0,"21321",0
"21329",0,"21329",0
"21330",0,"21330",0
"21340",0,"21340",0
"21391",0,"21391",0
"21392",0,"21392",0
"21393",0,"21393",0
"21394",0,"21394",0
"21395",0,"21395",0
"21396",0,"21396",0
"21397",0,"21397",0
"21399",0,"21399",0
"21411",0,"21411",0
"21412",0,"21412",0
"21419",0,"21419",0
"21421",0,"21421",0
"21422",0,"21422",0
"21423",0,"21423",0
"21424",0,"21424",0
"21429",0,"21429",0
"21431",0,"21431",0
"21432",0,"21432",0
"21433",0,"21433",0
"21434",0,"21434",0
"21435",0,"21435",0
"21439",0,"21439",0
"21491",0,"21491",0
"21492",0,"21492",0
"21493",0,"21493",0
"21494",0,"21494",0
"21495",0,"21495",0
"21496",0,"21496",0
"21499",0,"21499",0
"21511",0,"21511",0
"21512",0,"21512",0
"21513",0,"21513",0
"21514",0,"21514",0
"21515",0,"21515",0
"21519",0,"21519",0
"21521",0,"21521",0
"21522",0,"21522",0
"21523",0,"21523",0
"21524",0,"21524",0
"21525",0,"21525",0
"21526",0,"21526",0
"21529",0,"21529",0
"21590",0,"21590",1
"21611",0,"21531",0
"21612",0,"21541",0
"21621",0,"21532",0
"21622",0,"21542",0
"21631",0,"21533",0
"21632",0,"21543",0
"21641",0,"21534",0
"21642",0,"21544",0
"21651",0,"21535",0
"21652",0,"21545",0
"21661",0,"21536",0
"21662",0,"21546",0
"21671",0,"21537",1
"21672",0,"21547",1
"21673",1,"21537",1
"21673",1,"21547",1
"21681",0,"21538",0
"21682",0,"21548",0
"21691",1,"21539",0
"21691",1,"21549",0
"21693",0,"21590",1
"21700",0,"21550",0
"21800",0,"21600",0
"21910",0,"21710",0
"21920",0,"21720",0
"21931",0,"21731",0
"21932",0,"21732",0
"22110",0,"22110",0
"22120",0,"22120",0
"22130",0,"22130",0
"22211",0,"22211",0
"22212",0,"22212",0
"22219",0,"22219",0
"22221",0,"22221",0
"22222",0,"22222",0
"22229",0,"22229",0
"22230",0,"22230",0
"22241",0,"22241",0
"22242",0,"22242",0
"22249",0,"22249",0
"22251",0,"22251",0
"22252",0,"22252",0
"22253",0,"22253",0
"22254",0,"22254",0
"22259",0,"22259",0
"22260",0,"22260",0
"22270",0,"22270",0
"22290",0,"22290",0
"22300",0,"22300",0
"23110",0,"23110",0
"23120",0,"23120",0
"23130",0,"23130",0
"23140",0,"23140",0
"23161",0,"23161",0
"23162",0,"23162",0
"23170",0,"23170",0
"23180",0,"23180",0
"23210",0,"23210",0
"23220",0,"23220",0
"23230",0,"23230",0
"23311",0,"23311",0
"23319",0,"23319",0
"23320",0,"23320",0
"23410",0,"23410",0
"23420",0,"23420",0
"23430",0,"23430",0
"23490",0,"23490",0
"23511",0,"23511",0
"23512",0,"23512",0
"23520",0,"23520",0
"23530",0,"23530",0
"23540",0,"23540",0
"23610",0,"23610",0
"23620",0,"23620",0
"23630",0,"23630",0
"23640",0,"23640",0
"23650",0,"23650",0
"23660",0,"23660",0
"23670",0,"23670",0
"23710",0,"23710",0
"23721",0,"23721",0
"23722",0,"23722",0
"23911",0,"23911",0
"23912",0,"23912",0
"23913",0,"23913",0
"23914",0,"23914",0
"23921",0,"23921",0
"23922",0,"23922",0
"23923",0,"23923",0
"23924",0,"23924",0
"23925",0,"23925",0
"23926",0,"23926",0
"23927",0,"23927",0
"23928",0,"23928",0
"23929",0,"01690",1
"23991",0,"23991",0
"23992",0,"23992",0
"23993",0,"23993",0
"23994",0,"23994",0
"23995",0,"23995",0
"23996",0,"23996",0
"23997",0,"23997",0
"23999",0,"23999",0
"24110",0,"24110",0
"24131",0,"24131",0
"24139",0,"24139",0
"24211",0,"24211",0
"24212",0,"24212",0
"24220",0,"24220",0
"24230",0,"24230",0
"24310",0,"24310",0
"24320",0,"24320",0
"24410",0,"24410",0
"24490",0,"24490",0
"25010",0,"25010",0
"25020",0,"25020",0
"25090",0,"25090",0
"26110",0,"26110",0
"26130",0,"26130",0
"26140",0,"26140",0
"26150",0,"26150",0
"26160",0,"26160",0
"26170",0,"26170",0
"26190",0,"26190",0
"26210",0,"26210",0
"26220",0,"26220",0
"26310",0,"26310",0
"26320",0,"26320",0
"26330",0,"26330",0
"26340",0,"26340",0
"26350",0,"26350",0
"26360",0,"26360",0
"26370",0,"26370",0
"26380",0,"26380",0
"26410",0,"26410",0
"26421",0,"26420",1
"26422",0,"26420",1
"26430",0,"26430",0
"26440",0,"26440",0
"26450",0,"26450",0
"26461",0,"26460",1
"26462",0,"26460",1
"26510",0,"26510",0
"26520",0,"26520",0
"26530",0,"26530",0
"26540",0,"26540",0
"26550",0,"26550",0
"26560",0,"26560",0
"26570",0,"26570",0
"26590",0,"26590",0
"26610",0,"26610",0
"26620",0,"26620",0
"26630",0,"26630",0
"26690",0,"26690",0
"26710",0,"26710",0
"26720",0,"26720",0
"26730",0,"26730",0
"26740",0,"26740",0
"26750",0,"26750",0
"26760",0,"26760",0
"26770",0,"26770",0
"26790",0,"26790",0
"26810",0,"26810",0
"26820",0,"26820",0
"26830",0,"26830",0
"26840",0,"26840",0
"26850",0,"26850",0
"26860",0,"26860",0
"26880",0,"26880",0
"26890",0,"26890",0
"27110",0,"27110",0
"27120",0,"27120",0
"27130",0,"27130",0
"27140",0,"27140",0
"27150",0,"27150",0
"27160",0,"27160",0
"27170",0,"27170",0
"27180",0,"27180",0
"27190",0,"27190",1
"27210",0,"27210",0
"27220",0,"27220",0
"27230",0,"27230",0
"27290",0,"27290",0
"27310",0,"27310",0
"27320",0,"27320",0
"27911",0,"27911",0
"27912",0,"27912",0
"27913",0,"27913",0
"27921",0,"27921",0
"27922",0,"27922",0
"27991",0,"27991",1
"27992",0,"27992",0
"27993",0,"27993",0
"27994",0,"27994",0
"27995",0,"27995",0
"27996",0,"27996",0
"27997",0,"27997",0
"27998",0,"27998",0
"27999",0,"27999",0
"28110",0,"28110",0
"28190",0,"28190",0
"28210",0,"28210",0
"28221",0,"28221",0
"28222",0,"28222",0
"28223",0,"28223",0
"28224",0,"28224",1
"28225",0,"28225",0
"28226",0,"28226",0
"28227",0,"28227",1
"28228",0,"28228",0
"28229",0,"28229",0
"28231",0,"28231",0
"28232",0,"28232",0
"28233",0,"28233",0
"28234",0,"28234",1
"28235",0,"28235",1
"28236",0,"28236",0
"28237",0,"28237",0
"28238",0,"28238",0
"28241",0,"28241",0
"28242",0,"28242",0
"28243",0,"28243",1
"28250",0,"28250",1
"28261",0,"28261",0
"28262",0,"28262",0
"28269",0,"28269",0
"28310",0,"28310",0
"28320",0,"28320",0
"28330",0,"28330",0
"29110",0,"29110",0
"29120",0,"29120",0
"29130",0,"29130",0
"29210",0,"29210",0
"29220",0,"29220",0
"29230",0,"29230",0
"29290",0,"29290",0
"29310",0,"29310",0
"29320",0,"29320",0
"29330",0,"29330",0
"29340",0,"29340",0
"29410",0,"29410",0
"29420",0,"29420",0
"29490",0,"29490",0
"29510",0,"29510",0
"29520",0,"29520",0
"29600",0,"29600",0
"31101",0,"31100",1
"31102",0,"31100",1
"31109",0,"31100",1
"31211",0,"31210",1
"31212",0,"31210",1
"31219",0,"31210",1
"31220",0,"31220",0
"31230",0,"31230",0
"31310",0,"31310",0
"31320",0,"31320",0
"31330",0,"31330",0
"31411",0,"31410",1
"31412",0,"31410",1
"31421",0,"31420",1
"31422",0,"31420",1
"31431",0,"31430",1
"31432",0,"31430",1
"31439",0,"31430",1
"31441",0,"31440",1
"31442",0,"31440",1
"31449",0,"31440",1
"31450",0,"31450",0
"31511",0,"31510",1
"31512",0,"31510",1
"31520",0,"31520",0
"31600",0,"31600",0
"31700",0,"31700",0
"31911",0,"31911",0
"31912",0,"31912",0
"31913",0,"31913",0
"31914",0,"31914",0
"31921",0,"31921",0
"31922",0,"31922",0
"31923",0,"31923",0
"32111",0,"32111",0
"32112",0,"32112",0
"32113",0,"32113",0
"32121",0,"32121",0
"32122",0,"32122",0
"32129",0,"32129",0
"32131",0,"32131",0
"32132",0,"32132",0
"32133",1,"32133",0
"32133",1,"32142",1
"32134",0,"32134",0
"32135",0,"32135",0
"32136",0,"32136",0
"32137",0,"32137",0
"32141",0,"32141",0
"32142",0,"32142",1
"32143",0,"32143",0
"32149",0,"32149",0
"32151",0,"32151",0
"32152",0,"32152",0
"32153",0,"32153",0
"32191",0,"32191",0
"32192",0,"32192",0
"32193",0,"32193",1
"32194",0,"32194",0
"32195",0,"32195",0
"32196",1,"27190",1
"32196",1,"27991",1
"32196",1,"28224",1
"32196",1,"28227",1
"32196",1,"28234",1
"32196",1,"28235",1
"32196",1,"28243",1
"32196",1,"28250",1
"32196",1,"32193",1
"32196",1,"36990",1
"32197",0,"32197",0
"32198",0,"32198",0
"32199",0,"32199",0
"32210",0,"32210",0
"32220",0,"32220",0
"32230",0,"32230",0
"32291",0,"32291",0
"32292",0,"32292",0
"32299",0,"32299",0
"32300",0,"32300",0
"32410",0,"32410",0
"32420",0,"32420",0
"32490",0,"32490",0
"32511",0,"32511",0
"32512",0,"32512",0
"32520",0,"32520",0
"32530",0,"32530",0
"32540",0,"32540",0
"32550",0,"32550",0
"32610",0,"32610",0
"32620",0,"32620",0
"32630",0,"32630",0
"32690",0,"32690",0
"32700",0,"32700",0
"32800",0,"32800",0
"33100",0,"33100",0
"33200",0,"33200",0
"33311",0,"33310",1
"33312",0,"33310",1
"33320",0,"33320",0
"33330",1,"33330",1
"33330",1,"33350",1
"33342",0,"33342",0
"33349",0,"33341",0
"33350",0,"33350",1
"33360",0,"33360",0
"33370",0,"33370",0
"33380",0,"33380",1
"33390",1,"33330",1
"33390",1,"33350",1
"33390",1,"33380",1
"33410",0,"33410",0
"33421",0,"33420",1
"33429",0,"33420",1
"33500",0,"33500",0
"33610",0,"33610",0
"33620",0,"33620",0
"33630",0,"33630",0
"33690",0,"33690",0
"33710",0,"33710",0
"33720",0,"33720",0
"34110",0,"34110",0
"34120",0,"34120",0
"34131",0,"34131",0
"34139",0,"34139",0
"34140",0,"34140",0
"34150",0,"34150",0
"34160",0,"34160",1
"34170",0,"34170",0
"34180",0,"34180",0
"34210",0,"34210",0
"34220",0,"34220",0
"34231",0,"34231",0
"34232",0,"34232",0
"34233",0,"34233",0
"34240",0,"34240",1
"34250",1,"34160",1
"34250",1,"34240",1
"34250",1,"34250",0
"34250",1,"34270",1
"34250",1,"34280",1
"34250",1,"34320",1
"34250",1,"35420",1
"34250",1,"35490",1
"34260",0,"34260",0
"34270",0,"34270",1
"34280",0,"34280",1
"34290",0,"34290",0
"34310",0,"34310",0
"34320",0,"34320",1
"34330",0,"34330",0
"34340",0,"34340",0
"34400",0,"34400",0
"34510",0,"34510",0
"34520",0,"34520",0
"34530",0,"34530",0
"34540",0,"34540",0
"34550",0,"34550",0
"34560",0,"34560",0
"34570",0,"34570",0
"34611",0,"34611",0
"34612",0,"34612",0
"34613",0,"34613",0
"34614",0,"34614",0
"34615",0,"34615",0
"34616",0,"34619",1
"34619",0,"34619",1
"34621",0,"34621",0
"34629",0,"34629",0
"34631",0,"34631",0
"34632",0,"34632",0
"34639",0,"34639",0
"34641",0,"34641",0
"34642",0,"34642",0
"34643",0,"34643",0
"34644",0,"34644",0
"34645",0,"34645",0
"34646",0,"34646",0
"34649",0,"34649",0
"34651",0,"34651",0
"34652",0,"34652",0
"34653",0,"34653",0
"34654",0,"34654",0
"34659",0,"34659",0
"34661",0,"34661",1
"34662",0,"34662",1
"34663",0,"34663",1
"34664",0,"34664",1
"34666",1,"34661",1
"34666",1,"34662",1
"34666",1,"34663",1
"34666",1,"34664",1
"34666",1,"34666",0
"34666",1,"34669",1
"34669",0,"34669",1
"34710",0,"34710",0
"34720",0,"34720",0
"34730",0,"34730",0
"34740",0,"34740",0
"34790",0,"34790",0
"34800",0,"34800",0
"35110",0,"35110",0
"35120",0,"35120",0
"35130",0,"35130",0
"35140",0,"35140",0
"35210",0,"35210",0
"35220",0,"35220",0
"35230",0,"35230",0
"35240",0,"35240",0
"35250",0,"35250",0
"35260",0,"35260",0
"35270",0,"35270",0
"35290",0,"35290",0
"35310",0,"35310",0
"35321",0,"35321",0
"35322",0,"35322",0
"35323",0,"35323",0
"35331",0,"35331",0
"35332",0,"35332",0
"35333",0,"35333",0
"35334",0,"35334",0
"35410",0,"35410",0
"35420",0,"35420",1
"35430",0,"35430",0
"35440",0,"35440",0
"35450",0,"35450",0
"35460",0,"35460",0
"35470",0,"35470",0
"35491",0,"35490",1
"35499",0,"35490",1
"35510",0,"35510",0
"35520",0,"35520",0
"35530",0,"35530",0
"35540",0,"35540",0
"35550",0,"35550",0
"35560",0,"35560",0
"36111",0,"36111",0
"36112",0,"36112",0
"36113",0,"36113",0
"36114",0,"36114",0
"36115",0,"36115",0
"36120",0,"36120",0
"36210",0,"36210",0
"36220",0,"36220",0
"36230",0,"36230",0
"36240",0,"36240",0
"36250",0,"36250",0
"36260",0,"36260",0
"36270",0,"36270",0
"36310",0,"36310",0
"36320",0,"36320",0
"36330",0,"36330",0
"36390",0,"36390",0
"36410",0,"36410",0
"36490",0,"36490",0
"36910",0,"36910",0
"36920",0,"36920",0
"36930",0,"36930",0
"36940",0,"36940",0
"36950",0,"36950",0
"36960",0,"36960",0
"36971",0,"36971",0
"36972",0,"36972",0
"36980",0,"36980",0
"36990",0,"36990",1
"37111",0,"37111",0
"37112",0,"37112",0
"37113",0,"37113",0
"37114",0,"37114",0
"37115",0,"37115",0
"37116",0,"37116",0
"37117",0,"37117",0
"37121",0,"37121",0
"37129",0,"37129",0
"37191",0,"37191",0
"37192",0,"37192",0
"37193",0,"37193",0
"37194",0,"37194",0
"37195",0,"37195",0
"37196",0,"37196",0
"37197",0,"37197",0
"37199",0,"37199",0
"37210",0,"37210",0
"37221",0,"37221",0
"37222",0,"37222",0
"37291",0,"37291",0
"37292",0,"37292",0
"37299",0,"37299",0
"37310",0,"37310",0
"37320",0,"37320",0
"37330",0,"37330",0
"37340",0,"37340",0
"37350",0,"37350",0
"37360",0,"37360",0
"37370",0,"37370",0
"37410",0,"37410",0
"37420",0,"37420",0
"37430",0,"37430",0
"37440",0,"37440",0
"37450",0,"37450",0
"37510",0,"37510",0
"37520",0,"37520",0
"37530",0,"37530",0
"37540",0,"37540",0
"37550",0,"37550",0
"37560",0,"37560",0
"37570",0,"37570",0
"37610",0,"37610",0
"37690",0,"37690",0
"37910",0,"37910",0
"37920",0,"37920",0
"37930",0,"37930",0
"37940",0,"37940",0
"37950",0,"37950",0
"37960",0,"37960",0
"37990",0,"37990",0
"38111",0,"38111",0
"38112",0,"38112",0
"38119",0,"38119",0
"38121",0,"38121",0
"38122",0,"38122",0
"38130",0,"38130",0
"38140",0,"38140",0
"38150",0,"38150",0
"38160",0,"38160",0
"38210",0,"38210",0
"38220",0,"38220",0
"38230",0,"38230",0
"38240",0,"38240",0
"38250",0,"38250",0
"38310",0,"38310",0
"38320",0,"38320",0
"38330",0,"38330",0
"38340",0,"38340",0
"38350",0,"38350",0
"38360",0,"38360",0
"38410",0,"38410",0
"38420",0,"38420",0
"38430",0,"38430",0
"38440",0,"38440",0
"38450",0,"38450",0
"38510",0,"38510",0
"38520",0,"38520",0
"38530",0,"38530",0
"38540",0,"38540",0
"38550",0,"38550",0
"38560",0,"38560",0
"38570",0,"38570",0
"38581",1,"38581",0
"38581",1,"38590",1
"38582",1,"38582",0
"38582",1,"38590",1
"38590",0,"38590",1
"38600",0,"38600",0
"38701",0,"38701",0
"38702",0,"38702",0
"38703",0,"38703",0
"38704",0,"38704",0
"38911",0,"38911",0
"38912",0,"38912",0
"38921",0,"38921",0
"38922",0,"38922",0
"38923",0,"38923",0
"38924",0,"38924",0
"38930",0,"38930",0
"38941",0,"38941",0
"38942",0,"38942",0
"38950",0,"38950",0
"38961",0,"38961",0
"38962",0,"38962",0
"38963",0,"38963",0
"38971",0,"38971",0
"38972",0,"38972",0
"38991",0,"38991",0
"38992",0,"38992",0
"38993",0,"38993",0
"38994",0,"38994",0
"38995",0,"38995",0
"38996",0,"38996",0
"38997",0,"38997",0
"38998",0,"38998",0
"38999",0,"38999",0
"39110",0,"39110",0
"39120",0,"39120",0
"39130",0,"39130",0
"39141",0,"39140",1
"39149",0,"39140",1
"39150",0,"39150",0
"39160",0,"39160",0
"39170",0,"39170",0
"39180",0,"39180",0
"39211",0,"39211",0
"39212",0,"39212",0
"39213",0,"39213",0
"39214",0,"39214",0
"39215",0,"39215",0
"39216",0,"39216",0
"39217",0,"39217",0
"39218",0,"39218",0
"39220",0,"39220",0
"39230",0,"39230",0
"39240",0,"39240",0
"39250",0,"39250",0
"39260",0,"39260",0
"39270",0,"39270",0
"39281",0,"39280",1
"39282",0,"39280",1
"39283",0,"39280",1
"39290",0,"39290",0
"39310",0,"39310",0
"39320",0,"39320",0
"39331",0,"39331",0
"39332",0,"39332",0
"39333",0,"39333",0
"39340",0,"39340",0
"39350",0,"39350",0
"39361",0,"39361",0
"39362",0,"39362",0
"39363",0,"39363",0
"39364",0,"39364",0
"39365",0,"39365",0
"39366",0,"39366",0
"39367",0,"39367",0
"39368",0,"39368",0
"39370",0,"39370",0
"39380",0,"39380",0
"39910",0,"39910",0
"39920",0,"39920",0
"39931",0,"39931",0
"39939",0,"39939",0
"39940",0,"39940",0
"39950",0,"39950",0
"39990",0,"39990",0
"41111",0,"41111",0
"41112",0,"41112",0
"41113",0,"41113",0
"41114",0,"41114",0
"41115",0,"41115",0
"41116",0,"41116",0
"41117",0,"41117",0
"41121",0,"41121",0
"41122",0,"41122",0
"41211",0,"41211",0
"41212",0,"41212",0
"41213",0,"41213",0
"41214",0,"41214",0
"41221",0,"41221",0
"41222",0,"41222",0
"41223",0,"41223",0
"41224",0,"41224",0
"41231",0,"41231",0
"41232",0,"41232",0
"41233",0,"41233",0
"41234",0,"41234",0
"41239",0,"41239",0
"41241",0,"41241",0
"41242",0,"41242",0
"41243",0,"41243",0
"41244",0,"41244",0
"41251",0,"41251",0
"41252",0,"41252",0
"41253",0,"41253",0
"41261",0,"41261",0
"41262",0,"41262",0
"41263",0,"41263",0
"41264",0,"41264",0
"41265",0,"41265",0
"41266",0,"41266",0
"41267",0,"41267",0
"41271",0,"41271",0
"41272",0,"41272",0
"41273",0,"41273",0
"41281",0,"41281",0
"41282",0,"41282",0
"41283",0,"41283",0
"41284",0,"41284",0
"41285",0,"41285",0
"41286",0,"41286",0
"41287",0,"41287",0
"41288",0,"41288",0
"41289",0,"41289",0
"41291",0,"41291",0
"41292",0,"41292",0
"41293",0,"41293",0
"41310",0,"41310",0
"41320",0,"41320",0
"41330",0,"41330",0
"41340",0,"41340",0
"41350",0,"41350",0
"41411",0,"41411",0
"41412",0,"41412",0
"41413",0,"41413",0
"41421",0,"41421",0
"41422",0,"41422",0
"41431",0,"41431",0
"41432",0,"41432",0
"41441",0,"41441",0
"41442",0,"41442",0
"41443",0,"41443",0
"41511",0,"41511",0
"41512",0,"41512",0
"41513",0,"41513",0
"41514",0,"41514",0
"41515",0,"41515",0
"41516",0,"41516",0
"41521",0,"41521",0
"41522",0,"41522",0
"41523",0,"41523",0
"41524",0,"41524",0
"41531",0,"41531",0
"41532",0,"41532",0
"41533",0,"41533",0
"41534",0,"41534",0
"41535",0,"41535",0
"41536",0,"41536",0
"41542",0,"41542",0
"41544",0,"41544",0
"41545",0,"41545",0
"41547",0,"41547",0
"41601",0,"41601",0
"41602",0,"41602",0
"41603",0,"41603",0
"41604",0,"41604",0
"42110",0,"42110",0
"42120",0,"42120",0
"42190",0,"42190",0
"42210",0,"42210",0
"42220",0,"42220",0
"42310",0,"42310",0
"42320",0,"42320",0
"42330",0,"42330",0
"42341",0,"42341",0
"42342",0,"42342",0
"42911",0,"42911",0
"42912",0,"42912",0
"42913",0,"42913",0
"42914",0,"42914",0
"42915",0,"42915",0
"42916",0,"42916",0
"42921",0,"42921",0
"42922",0,"42922",0
"42931",0,"42931",0
"42932",0,"42932",0
"42941",0,"42941",0
"42942",0,"42942",0
"42943",0,"42943",0
"42944",0,"42944",0
"42945",0,"42945",0
"42946",0,"42946",0
"42950",0,"42950",0
"42991",0,"42991",0
"42992",0,"42992",0
"42993",0,"42993",0
"42994",0,"42994",0
"42995",0,"42995",0
"42996",0,"42996",0
"42997",0,"42997",0
"42998",0,"42998",0
"42999",0,"42999",0
"43110",0,"43110",0
"43121",0,"43121",0
"43122",0,"43122",0
"43123",0,"43123",0
"43131",0,"43131",0
"43132",0,"43132",0
"43133",0,"43133",0
"43134",0,"43134",0
"43141",0,"43141",0
"43142",0,"43142",0
"43143",0,"43143",0
"43151",0,"43151",0
"43152",0,"43152",0
"43153",0,"43153",0
"43154",0,"43154",0
"43155",0,"43155",0
"43156",0,"43156",0
"43211",0,"43211",0
"43219",0,"43219",0
"43220",0,"43220",0
"43230",0,"43230",0
"43240",0,"43240",0
"43251",0,"43251",0
"43252",0,"43252",0
"43253",0,"43253",0
"43254",0,"43254",0
"43310",0,"43310",0
"43320",0,"43320",0
"43331",0,"43331",0
"43332",0,"43332",0
"43410",0,"43410",0
"43420",0,"43420",0
"43430",0,"43430",0
"43510",0,"43510",0
"43520",0,"43520",0
"43530",0,"43530",0
"43540",0,"43540",0
"43550",0,"43550",0
"43560",0,"43560",0
"43570",0,"43570",0
"43580",0,"43580",0
"43911",0,"43911",0
"43912",0,"43912",0
"43913",0,"43913",0
"43914",0,"43914",0
"43915",0,"43915",0
"43921",0,"43921",0
"43922",0,"43922",0
"43923",0,"43923",0
"43924",0,"43924",0
"43931",0,"43931",0
"43932",0,"43932",0
"43933",0,"43933",0
"43934",0,"43934",0
"43935",0,"43935",0
"43941",0,"43941",0
"43942",0,"43942",0
"43943",0,"43943",0
"43944",0,"43944",0
"43949",0,"43949",0
"44111",0,"44111",0
"44112",0,"44112",0
"44113",0,"44113",0
"44114",0,"44114",0
"44115",0,"44115",0
"44119",0,"44119",0
"44121",0,"44121",0
"44122",0,"44122",0
"44123",0,"44123",0
"44124",0,"44124",0
"44125",0,"44125",0
"44126",0,"44126",0
"44127",0,"44127",0
"44128",0,"44128",0
"44129",0,"44129",0
"44131",0,"44131",0
"44132",0,"44132",0
"44139",0,"44139",0
"44141",0,"44141",0
"44142",0,"44142",0
"44149",0,"44149",0
"44150",0,"44150",0
"44160",0,"44160",0
"44191",0,"44191",0
"44192",0,"44192",0
"44193",0,"44193",0
"44194",0,"44194",0
"44198",0,"44198",0
"44199",0,"44199",0
"44211",1,"44211",0
"44211",1,"44919",1
"44212",0,"44212",0
"44213",0,"44213",0
"44214",0,"44214",0
"44215",0,"44215",0
"44216",0,"44216",0
"44217",0,"44217",0
"44218",0,"44218",0
"44221",0,"44221",0
"44222",0,"44222",0
"44231",0,"44231",0
"44232",0,"44232",0
"44241",0,"44241",0
"44242",0,"44242",0
"44251",1,"44251",0
"44251",1,"44929",1
"44252",0,"44252",0
"44253",0,"44253",0
"44255",0,"44255",0
"44256",0,"44256",0
"44310",0,"44310",0
"44320",0,"44320",0
"44411",0,"44411",0
"44412",0,"44412",0
"44421",0,"44421",0
"44422",0,"44422",0
"44423",0,"44423",0
"44424",0,"44424",0
"44425",0,"44425",0
"44426",0,"44426",0
"44427",0,"44427",0
"44428",0,"44428",0
"44429",0,"44429",0
"44430",0,"44430",0
"44440",0,"44440",0
"44461",0,"44461",0
"44462",0,"44462",0
"44511",0,"44511",0
"44513",0,"44513",0
"44515",0,"44515",0
"44516",0,"44516",0
"44517",0,"44517",0
"44518",0,"44518",0
"44522",0,"44522",0
"44523",0,"44523",0
"44611",0,"44611",0
"44612",0,"44612",0
"44613",0,"44613",0
"44614",0,"44614",0
"44621",0,"44621",0
"44622",0,"44622",0
"44629",0,"44629",0
"44630",0,"44630",0
"44640",0,"44640",0
"44710",0,"44710",0
"44720",0,"44720",0
"44730",0,"44730",0
"44740",0,"44740",0
"44750",0,"44750",0
"44760",0,"44760",0
"44811",0,"44811",0
"44812",0,"44812",0
"44813",0,"44813",0
"44814",0,"44814",0
"44815",0,"44815",0
"44816",0,"44816",0
"44817",0,"44817",0
"44818",0,"44818",0
"44821",0,"44821",0
"44822",0,"44822",0
"44823",0,"44823",0
"44824",0,"44824",0
"44825",0,"44825",0
"44826",0,"44826",0
"44831",0,"44831",0
"44832",0,"44832",0
"44833",0,"44833",0
"44911",0,"44911",0
"44912",0,"44912",0
"44913",0,"44913",0
"44914",0,"44914",0
"44915",0,"44915",0
"44916",0,"44916",0
"44917",0,"44917",0
"44918",0,"44918",0
"44919",0,"44919",1
"44921",0,"44921",0
"44922",0,"44922",0
"44923",0,"44923",0
"44929",0,"44929",1
"45110",0,"45110",0
"45130",0,"45130",0
"45141",0,"45141",0
"45142",0,"45142",0
"45150",0,"45150",0
"45160",0,"45160",0
"45170",0,"45170",0
"45180",0,"45180",0
"45220",1,"45221",0
"45220",1,"45222",0
"45230",0,"45230",0
"45240",0,"45240",0
"45250",0,"45250",0
"45261",0,"45261",0
"45262",0,"45262",0
"45263",0,"45263",0
"45264",0,"45264",0
"45265",0,"45265",0
"45266",0,"45266",0
"45269",0,"45269",0
"45271",0,"45271",0
"45272",0,"45272",0
"45281",0,"45281",0
"45289",0,"45289",0
"45290",0,"45290",0
"46111",0,"46111",0
"46112",0,"46112",0
"46113",0,"46113",0
"46121",0,"46121",0
"46122",0,"46122",0
"46131",0,"46131",0
"46132",0,"46132",0
"46211",0,"46211",0
"46212",0,"46212",0
"46213",0,"46213",0
"46214",0,"46214",0
"46215",0,"46215",0
"46220",0,"46220",0
"46310",0,"46310",0
"46320",0,"46320",0
"46330",0,"46330",0
"46340",0,"46340",0
"46350",0,"46350",0
"46360",0,"46360",0
"46410",0,"46410",0
"46420",0,"46420",0
"46430",0,"46430",0
"46510",0,"46510",0
"46531",0,"46531",0
"46532",0,"46532",0
"46539",0,"46539",0
"46541",0,"46541",0
"46542",0,"46542",0
"46910",0,"46910",0
"46921",0,"46921",0
"46929",0,"46929",0
"46931",0,"46931",0
"46932",0,"46932",0
"46939",0,"46939",0
"46940",0,"46940",0
"46950",0,"46950",0
"46960",0,"46960",0
"47110",0,"47110",0
"47120",0,"47120",0
"47130",0,"47130",0
"47140",0,"47140",0
"47150",0,"47150",0
"47160",0,"47160",0
"47171",0,"47171",0
"47172",0,"47172",0
"47173",0,"47173",0
"47211",0,"47211",0
"47212",0,"47212",0
"47213",0,"47213",0
"47214",0,"47214",0
"47215",0,"47215",0
"47221",0,"47221",0
"47222",0,"47222",0
"47223",0,"47223",0
"47311",0,"47311",0
"47312",0,"47312",0
"47313",0,"47313",0
"47314",0,"47314",0
"47315",0,"47315",0
"47321",0,"47321",0
"47323",0,"47323",0
"47330",0,"47330",0
"47401",0,"47401",0
"47402",0,"47402",0
"47403",0,"47403",0
"47530",0,"47530",0
"47540",0,"47540",0
"47550",0,"47550",0
"47590",0,"47590",0
"47610",0,"47610",0
"47620",0,"47620",0
"47691",0,"47691",0
"47692",0,"47692",0
"47699",0,"47699",0
"47811",0,"47811",0
"47812",0,"47812",0
"47813",0,"47813",0
"47814",0,"47814",0
"47821",0,"47821",0
"47822",0,"47822",0
"47829",0,"47829",0
"47910",0,"47910",0
"47920",0,"47920",0
"48110",0,"48110",0
"48121",0,"48121",0
"48122",0,"48122",0
"48130",0,"48130",0
"48140",0,"48140",0
"48150",0,"48150",0
"48160",0,"48160",0
"48171",0,"48171",0
"48172",0,"48172",0
"48180",0,"48180",0
"48211",0,"48211",0
"48212",0,"48212",0
"48219",0,"48219",0
"48220",0,"48220",0
"48231",0,"48231",0
"48232",0,"48232",0
"48233",0,"48233",0
"48241",0,"48241",0
"48242",0,"48242",0
"48243",0,"48243",0
"48244",0,"48244",0
"48249",0,"48249",0
"48251",0,"48251",0
"48252",0,"48252",0
"48253",0,"48253",0
"48261",0,"48261",0
"48262",0,"48262",0
"48263",0,"48263",0
"48264",0,"48264",0
"48266",0,"48266",0
"48269",0,"48269",0
"48281",0,"48281",0
"48282",0,"48282",0
"48283",0,"48283",0
"48284",0,"48284",0
"48285",0,"48285",0
"48311",0,"48311",0
"48312",0,"48312",0
"48313",0,"48313",0
"48314",0,"48314",0
"48315",0,"48315",0
"48321",0,"48321",0
"48322",0,"48322",0
"48323",0,"48323",1
"48329",1,"48323",1
"48329",1,"48324",0
"48329",1,"48330",0
"48341",0,"48341",0
"48342",0,"48342",0
"48351",0,"48351",0
"48352",0,"48352",0
"48353",0,"48353",0
"48354",0,"48354",0
"48410",0,"48410",0
"48420",0,"48420",0
"48430",0,"48430",0
"48440",0,"48440",0
"48490",0,"48490",0
"49111",0,"49111",0
"49112",0,"49112",0
"49113",0,"49113",0
"49114",0,"49114",0
"49115",0,"49115",0
"49116",0,"49116",0
"49119",0,"49119",0
"49121",0,"49121",0
"49129",0,"49129",0
"49210",0,"49210",0
"49221",0,"49221",0
"49222",0,"49222",0
"49229",0,"49229",0
"49231",0,"49231",0
"49232",0,"49232",0
"49311",0,"49311",0
"49312",0,"49312",0
"49313",0,"49313",0
"49314",0,"49314",0
"49315",0,"49315",0
"49316",0,"49316",0
"49319",0,"49319",0
"49320",0,"49320",0
"49390",0,"49390",0
"49410",0,"49410",0
"49490",0,"49490",0
"49511",0,"49511",0
"49512",0,"49512",0
"49519",0,"49519",0
"49520",0,"49520",0
"49531",0,"49531",0
"49532",0,"49532",0
"49533",0,"49533",0
"49540",0,"49540",0
"49610",0,"49610",0
"49621",0,"49621",0
"49622",0,"49622",0
"49623",0,"49623",0
"49630",0,"49630",0
"49640",0,"49640",0
"49911",0,"49911",0
"49912",0,"49912",0
"49913",0,"49913",0
"49921",0,"49921",0
"49922",0,"49922",0
"49930",0,"49930",0
"49941",0,"49941",0
"49942",0,"49942",0
"53111",0,"53111",0
"53112",0,"53112",0
"53121",0,"53121",0
"53122",0,"53122",0
"53129",0,"53129",0
"53211",0,"53211",0
"53212",0,"53212",0
"53213",0,"53213",0
"53221",0,"53221",0
"53222",0,"53222",0
"53231",0,"53231",0
"53232",0,"53232",0
"53233",0,"53233",0
"53234",0,"53234",0
"53241",0,"53241",0
"53242",0,"53242",0
"53251",0,"53251",0
"53252",0,"53252",0
"53253",0,"53253",0
"53261",0,"53261",0
"53262",0,"53262",0
"53269",0,"53269",0
"53270",0,"53270",0
"53290",0,"53290",0
"54111",0,"54111",0
"54112",0,"54112",0
"54121",0,"54121",0
"54122",0,"54122",0
"54129",0,"54129",0
"54211",0,"54211",0
"54212",0,"54212",0
"54213",0,"54213",0
"54221",0,"54221",0
"54222",0,"54222",0
"54231",0,"54231",0
"54232",0,"54232",0
"54233",0,"54233",0
"54234",0,"54234",0
"54241",0,"54241",0
"54242",0,"54242",0
"54251",0,"54251",0
"54252",0,"54252",0
"54253",0,"54253",0
"54261",0,"54261",0
"54262",0,"54262",0
"54269",0,"54269",0
"54270",0,"54270",0
"54290",0,"54290",0
"54310",0,"54310",0
"54320",0,"54320",0
"54330",0,"54330",0
"54341",0,"54341",0
"54342",0,"54342",0
"54400",0,"54400",0
"54511",0,"54511",0
"54512",0,"54512",0
"54521",0,"54521",0
"54522",0,"54522",0
"54530",0,"54530",0
"54540",0,"54540",0
"54550",0,"54550",0
"54560",0,"54560",0
"54570",0,"54570",0
"54590",0,"54590",0
"54611",0,"54611",0
"54612",0,"54612",0
"54613",0,"54613",0
"54614",0,"54614",0
"54619",0,"54619",0
"54621",0,"54621",0
"54622",0,"54622",0
"54631",0,"54631",0
"54632",0,"54632",0
"54640",0,"54640",0
"54650",0,"54650",0
"54691",0,"54691",0
"54699",0,"54699",0
"54710",0,"54710",0
"54720",0,"54720",0
"54730",0,"54730",0
"54740",0,"54740",0
"54750",0,"54750",0
"54760",0,"54760",0
"54770",0,"54770",0
"54790",0,"54790",0
"61111",0,"61111",0
"61112",0,"61112",0
"61113",0,"61113",0
"61114",0,"61114",0
"61115",0,"61115",0
"61119",0,"61119",0
"61121",0,"61121",0
"61122",0,"61122",0
"61123",0,"61123",0
"61124",0,"61124",0
"61125",0,"61125",0
"61126",0,"61126",0
"61127",0,"61127",0
"61128",0,"61128",0
"61129",0,"61129",0
"61131",0,"61131",0
"61132",0,"61132",0
"61133",0,"61133",0
"61134",0,"61134",0
"61141",0,"61141",0
"61142",0,"61142",0
"61143",0,"61143",0
"61144",0,"61144",0
"61145",0,"61145",0
"61146",0,"61146",0
"61151",0,"61151",0
"61152",0,"61152",0
"61153",0,"61153",0
"61154",0,"61154",0
"61155",0,"61155",0
"61156",0,"61156",0
"61159",0,"61159",0
"61161",0,"61161",0
"61162",0,"61162",0
"61163",0,"61163",0
"61164",0,"61164",0
"61165",0,"61165",0
"61171",0,"61171",0
"61172",0,"61172",0
"61173",0,"61173",0
"61174",0,"61174",0
"61175",0,"61175",0
"61176",0,"61176",0
"61181",0,"61181",0
"61182",0,"61182",0
"61183",0,"61183",0
"61184",0,"61184",0
"61185",0,"61185",0
"61186",0,"61186",0
"61187",0,"61187",0
"61188",0,"61188",0
"61189",0,"61189",0
"61191",0,"61191",0
"61192",0,"61192",0
"61193",0,"61193",0
"61194",0,"61194",0
"61195",0,"61195",0
"61197",0,"61197",0
"61198",0,"61198",0
"61199",0,"61199",0
"61211",0,"61211",0
"61212",0,"61212",0
"61213",0,"61213",0
"61214",0,"61214",0
"61215",0,"61215",0
"61219",0,"61219",0
"61221",0,"61221",0
"61222",0,"61222",0
"61223",0,"61223",0
"61224",0,"61224",0
"61225",0,"61225",0
"61226",0,"61226",0
"61227",0,"61227",0
"61228",0,"61228",0
"61229",0,"61229",0
"61231",0,"61231",0
"61232",0,"61232",0
"61233",0,"61233",0
"61234",0,"61234",0
"61241",0,"61241",0
"61242",0,"61242",0
"61243",0,"61243",0
"61244",0,"61244",0
"61245",0,"61245",0
"61246",0,"61246",0
"61251",0,"61251",0
"61252",0,"61252",0
"61253",0,"61253",0
"61254",0,"61254",0
"61255",0,"61255",0
"61256",0,"61256",0
"61259",0,"61259",0
"61261",0,"61261",0
"61262",0,"61262",0
"61263",0,"61263",0
"61264",0,"61264",0
"61265",0,"61265",0
"61271",0,"61271",0
"61272",0,"61272",0
"61273",0,"61273",0
"61274",0,"61274",0
"61275",0,"61275",0
"61276",0,"61276",0
"61281",0,"61281",0
"61282",0,"61282",0
"61283",0,"61283",0
"61284",0,"61284",0
"61285",0,"61285",0
"61286",0,"61286",0
"61287",0,"61287",0
"61288",0,"61288",0
"61289",0,"61289",0
"61291",0,"61291",0
"61292",0,"61292",0
"61293",0,"61293",0
"61294",0,"61294",0
"61295",0,"61295",0
"61297",0,"61297",0
"61298",0,"61298",0
"61299",0,"61299",0
"62111",0,"62111",0
"62112",0,"62112",0
"62114",0,"62114",0
"62115",0,"62115",0
"62119",0,"62119",0
"62121",0,"62121",0
"62122",0,"62122",0
"62123",0,"62123",0
"62124",0,"62124",0
"62125",0,"62125",0
"62126",0,"62126",0
"62127",0,"62127",0
"62128",0,"62128",0
"62129",0,"62129",0
"62131",0,"62131",0
"62132",0,"62132",0
"62133",0,"62133",0
"62134",0,"62134",0
"62141",0,"62141",0
"62142",0,"62142",0
"62143",0,"62143",0
"62144",0,"62144",0
"62145",0,"62145",0
"62146",0,"62146",0
"62151",0,"62151",0
"62152",0,"62152",0
"62153",0,"62153",0
"62154",0,"62154",0
"62155",0,"62155",0
"62156",0,"62156",0
"62159",0,"62159",0
"62161",0,"62161",0
"62162",0,"62162",0
"62163",0,"62163",0
"62164",0,"62164",0
"62165",0,"62165",0
"62172",0,"62172",0
"62173",0,"62173",0
"62174",0,"62174",0
"62175",0,"62175",0
"62176",0,"62176",0
"62181",0,"62181",0
"62182",0,"62182",0
"62183",0,"62183",0
"62184",0,"62184",0
"62185",0,"62185",0
"62186",0,"62186",0
"62187",0,"62187",0
"62188",0,"62188",0
"62189",0,"62189",0
"62191",0,"62191",0
"62194",0,"62194",0
"62199",0,"62199",0
"62211",0,"62211",0
"62212",0,"62212",0
"62214",0,"62214",0
"62215",0,"62215",0
"62219",0,"62219",0
"62221",0,"62221",0
"62222",0,"62222",0
"62223",0,"62223",0
"62224",0,"62224",0
"62225",0,"62225",0
"62226",0,"62226",0
"62227",0,"62227",0
"62228",0,"62228",0
"62229",0,"62229",0
"62231",0,"62231",0
"62232",0,"62232",0
"62233",0,"62233",0
"62234",0,"62234",0
"62241",0,"62241",0
"62242",0,"62242",0
"62243",0,"62243",0
"62244",0,"62244",0
"62245",0,"62245",0
"62246",0,"62246",0
"62251",0,"62251",0
"62252",0,"62252",0
"62253",0,"62253",0
"62254",0,"62254",0
"62255",0,"62255",0
"62256",0,"62256",0
"62259",0,"62259",0
"62261",0,"62261",0
"62262",0,"62262",0
"62263",0,"62263",0
"62264",0,"62264",0
"62265",0,"62265",0
"62272",0,"62272",0
"62273",0,"62273",0
"62274",0,"62274",0
"62275",0,"62275",0
"62276",0,"62276",0
"62281",0,"62281",0
"62282",0,"62282",0
"62283",0,"62283",0
"62284",0,"62284",0
"62285",0,"62285",0
"62286",0,"62286",0
"62287",0,"62287",0
"62288",0,"62288",0
"62289",0,"62289",0
"62291",0,"62291",0
"62294",0,"62294",0
"62299",0,"62299",0
"62311",0,"62311",0
"62312",0,"62312",0
"62314",0,"62314",0
"62315",0,"62315",0
"62319",0,"62319",0
"62321",0,"62321",0
"62322",0,"62322",0
"62323",0,"62323",0
"62324",0,"62324",0
"62325",0,"62325",0
"62326",0,"62326",0
"62327",0,"62327",0
"62328",0,"62328",0
"62329",0,"62329",0
"62331",0,"62331",0
"62332",0,"62332",0
"62333",0,"62333",0
"62334",0,"62334",0
"62341",0,"62341",0
"62342",0,"62342",0
"62343",0,"62343",0
"62344",0,"62344",0
"62345",0,"62345",0
"62346",0,"62346",0
"62351",0,"62351",0
"62352",0,"62352",0
"62353",0,"62353",0
"62354",0,"62354",0
"62355",0,"62355",0
"62356",0,"62356",0
"62359",0,"62359",0
"62361",0,"62361",0
"62362",0,"62362",0
"62363",0,"62363",0
"62364",0,"62364",0
"62365",0,"62365",0
"62372",0,"62372",0
"62373",0,"62373",0
"62374",0,"62374",0
"62375",0,"62375",0
"62376",0,"62376",0
"62381",0,"62381",0
"62382",0,"62382",0
"62383",0,"62383",0
"62384",0,"62384",0
"62385",0,"62385",0
"62386",0,"62386",0
"62387",0,"62387",0
"62388",0,"62388",0
"62389",0,"62389",0
"62391",0,"62391",0
"62394",0,"62394",0
"62399",0,"62399",0
"62411",0,"62411",0
"62412",0,"62412",0
"62414",0,"62414",0
"62415",0,"62415",0
"62419",0,"62419",0
"62421",0,"62421",0
"62422",0,"62422",0
"62423",0,"62423",0
"62424",0,"62424",0
"62425",0,"62425",0
"62426",0,"62426",0
"62427",0,"62427",0
"62428",0,"62428",0
"62429",0,"62429",0
"62431",0,"62431",0
"62432",0,"62432",0
"62433",0,"62433",0
"62434",0,"62434",0
"62441",0,"62441",0
"62442",0,"62442",0
"62443",0,"62443",0
"62444",0,"62444",0
"62445",0,"62445",0
"62446",0,"62446",0
"62451",0,"62451",0
"62452",0,"62452",0
"62453",0,"62453",0
"62454",0,"62454",0
"62455",0,"62455",0
"62456",0,"62456",0
"62459",0,"62459",0
"62461",0,"62461",0
"62462",0,"62462",0
"62463",0,"62463",0
"62464",0,"62464",0
"62465",0,"62465",0
"62472",0,"62472",0
"62473",0,"62473",0
"62474",0,"62474",0
"62475",0,"62475",0
"62476",0,"62476",0
"62481",0,"62481",0
"62482",0,"62482",0
"62483",0,"62483",0
"62484",0,"62484",0
"62485",0,"62485",0
"62486",0,"62486",0
"62487",0,"62487",0
"62488",0,"62488",0
"62489",0,"62489",0
"62491",0,"62491",0
"62494",0,"62494",0
"62497",0,"62497",0
"62498",0,"62498",0
"62499",0,"62499",0
"62511",0,"62511",0
"62512",0,"62512",0
"62514",0,"62514",0
"62515",0,"62515",0
"62519",0,"62519",0
"62521",0,"62521",0
"62522",0,"62522",0
"62523",0,"62523",0
"62524",0,"62524",0
"62525",0,"62525",0
"62526",0,"62526",0
"62527",0,"62527",0
"62528",0,"62528",0
"62529",0,"62529",0
"62531",0,"62531",0
"62532",0,"62532",0
"62533",0,"62533",0
"62534",0,"62534",0
"62541",0,"62541",0
"62542",0,"62542",0
"62543",0,"62543",0
"62544",0,"62544",0
"62545",0,"62545",0
"62546",0,"62546",0
"62551",0,"62551",0
"62552",0,"62552",0
"62553",0,"62553",0
"62554",0,"62554",0
"62555",0,"62555",0
"62556",0,"62556",0
"62559",0,"62559",0
"62561",0,"62561",0
"62562",0,"62562",0
"62563",0,"62563",0
"62564",0,"62564",0
"62565",0,"62565",0
"62572",0,"62572",0
"62573",0,"62573",0
"62574",0,"62574",0
"62575",0,"62575",0
"62576",0,"62576",0
"62581",0,"62581",0
"62582",0,"62582",0
"62583",0,"62583",0
"62584",0,"62584",0
"62585",0,"62585",0
"62586",0,"62586",0
"62587",0,"62587",0
"62588",0,"62588",0
"62589",0,"62589",0
"62591",0,"62591",0
"62594",0,"62594",0
"62597",0,"62597",0
"62598",0,"62598",0
"62599",0,"62599",0
"63111",0,"63111",0
"63112",0,"63112",0
"63113",0,"63113",0
"63114",0,"63114",0
"63120",0,"63120",0
"63130",0,"63130",0
"63210",0,"63210",0
"63220",0,"63220",0
"63290",0,"63290",0
"63310",0,"63310",0
"63320",0,"63320",0
"63391",0,"63391",0
"63392",0,"63392",0
"63393",0,"63393",0
"63399",0,"63399",0
"63400",0,"63400",0
"64111",0,"64111",0
"64112",0,"64112",0
"64113",0,"64113",0
"64114",0,"64114",0
"64115",0,"64115",0
"64116",0,"64116",0
"64117",0,"64117",0
"64118",0,"64118",0
"64119",0,"64119",0
"64121",0,"64121",0
"64122",0,"64122",0
"64129",0,"64129",0
"64131",0,"64131",0
"64132",0,"64132",0
"64133",0,"64133",0
"64134",0,"64134",0
"64210",0,"64210",0
"64221",0,"64221",0
"64222",0,"64222",0
"64223",0,"64223",0
"64231",0,"64231",0
"64232",0,"64232",0
"64239",0,"64239",0
"64241",0,"64241",0
"64242",0,"64242",0
"64243",0,"64243",0
"64244",0,"64244",0
"64250",0,"64250",0
"65111",0,"65111",0
"65112",0,"65112",0
"65113",0,"65113",0
"65114",0,"65114",0
"65115",0,"65115",1
"65116",0,"65116",0
"65117",0,"65117",0
"65118",0,"65118",0
"65119",1,"65115",1
"65119",1,"65119",0
"65121",0,"65121",0
"65122",0,"65122",0
"65123",0,"65123",0
"65124",0,"65124",0
"65125",0,"65125",0
"65126",0,"65126",0
"65129",0,"65129",0
"65131",0,"65131",0
"65139",0,"65139",0
"65211",0,"65211",0
"65212",0,"65212",0
"65213",0,"65213",0
"65219",0,"65219",0
"65221",0,"65221",0
"65222",0,"65222",0
"65229",0,"65229",0
"65311",0,"65311",0
"65319",0,"65319",0
"65320",0,"65320",0
"66011",0,"66011",0
"66012",0,"66012",0
"66021",0,"66021",0
"66022",0,"66022",0
"66023",0,"66023",0
"66024",0,"66024",0
"66031",0,"66031",0
"66032",0,"66032",0
"67110",0,"67110",0
"67190",0,"67190",0
"67210",0,"67210",0
"67220",0,"67220",0
"67290",0,"67290",0
"67310",0,"67310",0
"67390",0,"67390",0
"67410",0,"67410",0
"67420",0,"67420",0
"67430",0,"67430",0
"67440",0,"67440",0
"67490",0,"67490",0
"67511",0,"67511",0
"67512",0,"67512",0
"67521",0,"67521",0
"67522",0,"67522",0
"67531",0,"67531",0
"67532",0,"67532",0
"67590",0,"67590",0
"67610",0,"67610",0
"67620",0,"67620",0
"67630",0,"67630",0
"67640",0,"67640",0
"67910",0,"67910",0
"67990",0,"67990",0
"68011",0,"68111",0
"68012",0,"68112",0
"68013",0,"68113",0
"68019",0,"68119",0
"68021",0,"68120",1
"68022",0,"68120",1
"68030",0,"68130",0
"69111",0,"69111",0
"69112",0,"69112",0
"69120",0,"69120",0
"69210",0,"69210",0
"69220",0,"69220",0
"69230",0,"69230",0
"71110",0,"71110",0
"71121",0,"71121",0
"71122",0,"71122",0
"71131",0,"71131",0
"71132",0,"71132",0
"71133",0,"71133",0
"71134",0,"71134",0
"71135",0,"71135",0
"71139",0,"71139",0
"71140",0,"71140",0
"71190",0,"71190",0
"71200",0,"71200",0
"71311",0,"71311",0
"71312",0,"71312",0
"71313",0,"71313",0
"71321",0,"71321",0
"71322",0,"71322",0
"71331",0,"71331",0
"71332",0,"71332",0
"71333",0,"71333",0
"71334",0,"71334",0
"71335",0,"71335",0
"71336",0,"71336",0
"71337",0,"71337",0
"71339",0,"71339",0
"71410",0,"71410",0
"71420",0,"71420",0
"71431",0,"71431",0
"71432",0,"71432",0
"71433",0,"71433",0
"71434",0,"71434",0
"71435",0,"71435",0
"71436",0,"71436",0
"71439",0,"71439",0
"71511",0,"71511",0
"71512",0,"71512",0
"71519",0,"71519",0
"71521",0,"71521",0
"71522",0,"71522",0
"71523",0,"71523",0
"71530",0,"71530",0
"71541",0,"71541",0
"71542",0,"71542",0
"71551",0,"71551",0
"71552",0,"71552",0
"71559",0,"71559",0
"71591",0,"71591",0
"71592",0,"71592",0
"71593",0,"71593",0
"71599",0,"71599",0
"71610",0,"71610",0
"71620",0,"71620",0
"71630",0,"71630",0
"71640",0,"71640",0
"71690",0,"71690",0
"71701",0,"71701",0
"71702",0,"71702",0
"72111",0,"72111",0
"72112",0,"72112",0
"72121",0,"72121",0
"72122",0,"72122",0
"72123",0,"72123",0
"72130",0,"72130",0
"72211",0,"72211",0
"72212",0,"72212",0
"72213",0,"72213",0
"72221",0,"72221",0
"72222",0,"72222",0
"72223",0,"72223",0
"72230",0,"72230",0
"72240",0,"72240",0
"73111",0,"73111",0
"73112",0,"73112",0
"73113",0,"73113",0
"73114",0,"73114",0
"73115",0,"73115",0
"73116",0,"73116",0
"73117",0,"73117",0
"73121",0,"73121",0
"73122",0,"73122",0
"73123",0,"73123",0
"73124",0,"73124",0
"73125",0,"73125",0
"73129",0,"73129",0
"73210",0,"73210",0
"73220",0,"73220",0
"73230",0,"73230",0
"73240",0,"73240",0
"73250",0,"73250",0
"73260",0,"73260",0
"73270",0,"73270",0
"73290",0,"73290",0
"73311",0,"73311",0
"73312",0,"73312",0
"73320",0,"73320",0
"73330",0,"73330",0
"73340",0,"73340",0
"73350",0,"73350",0
"73390",0,"73390",0
"81111",0,"81111",1
"81112",0,"81112",1
"81113",0,"81121",1
"81114",0,"81129",1
"81115",0,"81130",1
"81116",0,"81140",1
"81119",0,"81119",1
"81121",0,"81111",1
"81122",0,"81112",1
"81123",0,"81121",1
"81124",0,"81129",1
"81125",0,"81130",1
"81126",0,"81140",1
"81129",0,"81119",1
"81131",0,"81111",1
"81132",0,"81112",1
"81133",0,"81121",1
"81134",0,"81129",1
"81135",0,"81130",1
"81136",0,"81140",1
"81139",0,"81119",1
"81211",0,"81211",1
"81212",0,"81212",1
"81213",0,"81213",1
"81214",0,"81221",1
"81219",1,"81219",1
"81219",1,"81229",1
"81221",0,"81211",1
"81222",0,"81212",1
"81223",0,"81213",1
"81224",0,"81221",1
"81229",1,"81219",1
"81229",1,"81229",1
"81231",0,"81211",1
"81232",0,"81212",1
"81233",0,"81213",1
"81234",0,"81221",1
"81239",1,"81219",1
"81239",1,"81229",1
"81301",0,"81300",1
"81302",0,"81300",1
"81303",0,"81300",1
"81400",0,"81400",0
"82110",0,"82110",0
"82120",0,"82120",0
"82130",0,"82130",0
"82191",0,"82191",0
"82199",0,"82199",0
"82210",0,"82210",0
"82221",0,"82221",0
"82222",0,"82222",0
"82223",0,"82223",0
"82310",0,"82310",0
"82320",0,"82320",0
"82400",0,"82400",0
"83111",0,"83111",0
"83112",0,"83112",0
"83113",0,"83113",0
"83114",0,"83114",0
"83115",0,"83115",0
"83116",0,"83116",0
"83117",0,"83117",0
"83118",0,"83118",0
"83121",0,"83121",0
"83129",0,"83129",0
"83131",0,"83131",0
"83132",0,"83132",0
"83141",0,"83141",0
"83142",0,"83142",0
"83143",0,"83143",0
"83151",0,"83151",0
"83152",0,"83152",0
"83159",0,"83159",0
"83161",0,"83161",0
"83162",0,"83162",0
"83190",0,"83190",0
"83211",0,"83211",0
"83212",0,"83212",0
"83213",0,"83213",0
"83214",0,"83214",0
"83221",0,"83221",0
"83222",0,"83222",0
"83223",0,"83223",0
"83231",0,"83231",0
"83232",0,"83232",0
"83310",0,"83310",0
"83321",0,"83321",0
"83322",0,"83322",0
"83323",0,"83323",0
"83324",0,"83324",0
"83325",0,"83325",0
"83326",0,"83326",0
"83327",0,"83327",0
"83329",0,"83329",0
"83330",0,"83330",0
"83411",0,"83411",0
"83412",0,"83412",0
"83413",0,"83413",0
"83421",0,"83421",0
"83422",0,"83422",0
"83430",0,"83430",0
"83441",0,"83441",0
"83442",0,"83442",0
"83443",0,"83443",0
"83444",0,"83444",0
"83449",0,"83449",0
"83510",0,"83510",0
"83520",0,"83520",0
"83590",0,"83590",0
"83611",0,"83611",0
"83612",0,"83612",0
"83619",0,"83619",0
"83620",0,"83620",0
"83631",0,"83631",0
"83632",0,"83632",0
"83633",0,"83633",0
"83639",0,"83639",0
"83700",0,"83700",0
"83811",0,"83811",0
"83812",0,"83812",0
"83813",0,"83813",0
"83814",0,"83814",0
"83815",0,"83815",0
"83819",0,"83819",0
"83820",0,"83820",0
"83911",0,"83911",0
"83912",0,"83912",0
"83919",0,"83919",0
"83920",0,"83920",0
"83931",0,"83931",0
"83939",0,"83939",0
"83940",0,"83940",0
"83950",0,"83950",0
"83960",0,"83960",0
"83990",0,"83990",0
"84110",0,"84110",0
"84120",1,"84121",0
"84120",1,"84122",0
"84131",1,"84131",1
"84131",1,"84132",0
"84132",0,"84131",1
"84133",0,"84131",1
"84140",0,"84140",0
"84150",0,"84150",0
"84190",0,"84190",0
"84210",0,"84210",0
"84221",0,"84221",0
"84222",0,"84222",0
"84290",0,"84290",0
"84311",0,"84311",0
"84312",0,"84312",0
"84313",0,"84313",0
"84321",0,"84321",0
"84322",0,"84322",0
"84331",0,"84331",0
"84332",0,"84332",0
"84341",0,"84341",0
"84342",0,"84342",0
"84391",0,"84391",0
"84392",0,"84392",0
"84393",0,"84393",0
"84394",0,"84394",0
"84399",0,"84399",0
"84410",0,"84410",0
"84420",0,"84420",0
"84510",0,"84510",0
"84520",0,"84520",0
"84611",0,"84611",0
"84612",0,"84612",0
"84621",0,"84621",0
"84622",0,"84622",0
"84631",0,"84631",0
"84632",0,"84632",0
"84633",0,"84633",0
"84634",0,"84634",0
"85111",0,"85111",0
"85112",0,"85112",0
"85121",0,"85121",0
"85122",0,"85122",0
"85123",0,"85123",0
"85124",0,"85124",0
"85125",0,"85125",0
"85210",0,"85210",0
"85220",0,"85220",0
"85230",0,"85230",0
"85240",0,"85240",0
"85250",0,"85250",0
"85290",0,"85290",0
"85310",0,"85310",0
"85320",0,"85320",0
"85330",0,"85330",0
"85340",0,"85340",0
"85400",0,"85400",0
"85511",0,"85511",0
"85512",0,"85512",0
"85513",0,"85513",0
"85514",0,"85514",0
"85519",0,"85519",0
"85521",0,"85521",0
"85522",0,"85522",0
"85523",0,"85523",0
"85524",0,"85524",0
"85531",0,"85531",0
"85539",0,"85539",0
"85540",0,"85540",0
"85550",0,"85550",0
"85561",0,"85561",0
"85562",0,"85562",0
"85910",0,"85910",0
"85920",0,"85920",0
"85931",0,"85931",0
"85939",0,"85939",0
"85940",0,"85940",0
"85951",0,"85951",0
"85952",0,"85952",0
"85953",0,"85953",0
"85954",0,"85954",0
"85961",0,"85961",0
"85962",0,"85962",0
"85970",0,"85970",0
"85991",0,"85991",0
"85999",0,"85999",0
"86111",0,"86111",0
"86112",0,"86112",0
"86113",0,"86119",1
"86119",0,"86119",1
"86121",0,"86121",1
"86122",0,"86121",1
"86129",0,"86129",0
"86131",0,"86130",1
"86132",0,"86130",1
"86141",0,"86140",1
"86142",0,"86140",1
"86151",0,"86150",1
"86152",0,"86150",1
"86153",0,"86150",1
"86154",0,"86150",1
"86211",0,"86211",1
"86219",0,"86219",1
"86221",0,"86211",1
"86229",0,"86219",1
"86311",0,"86311",0
"86312",0,"86312",0
"86320",0,"86320",0
"86330",0,"86330",0
"86340",0,"86340",0
"86350",0,"86350",0
"87110",0,"87110",0
"87120",0,"87120",0
"87130",0,"87130",0
"87141",0,"87141",0
"87142",0,"87142",0
"87143",0,"87143",0
"87149",0,"87149",0
"87151",0,"87151",0
"87152",0,"87152",0
"87153",0,"87153",0
"87154",0,"87154",0
"87155",0,"87155",0
"87156",0,"87156",0
"87157",0,"87157",0
"87159",0,"87159",0
"87210",0,"87210",0
"87220",0,"87220",0
"87230",0,"87230",0
"87240",0,"87240",0
"87290",0,"87290",0
"87310",0,"87310",0
"87320",0,"87320",0
"87331",0,"87331",0
"87332",0,"87332",0
"87333",0,"87333",0
"87340",0,"87340",0
"87350",0,"87350",0
"87360",0,"87360",0
"87390",0,"87390",0
"88110",0,"88110",0
"88120",0,"88120",0
"88130",0,"88130",0
"88140",0,"88140",0
"88150",0,"88150",0
"88161",0,"88161",0
"88162",0,"88162",0
"88163",0,"88163",0
"88164",0,"88164",0
"88165",0,"88165",0
"88166",0,"88166",0
"88167",0,"88167",0
"88169",0,"88169",0
"88170",0,"88170",0
"88181",0,"88181",0
"88182",0,"88182",0
"88183",0,"88183",0
"88184",0,"88184",0
"88190",0,"88190",0
"88211",0,"88211",0
"88212",0,"88212",0
"88213",0,"88213",0
"88214",0,"88214",0
"88215",0,"88215",0
"88216",0,"88216",0
"88217",0,"88217",0
"88219",0,"88219",0
"88221",0,"88221",0
"88222",0,"88222",0
"88223",0,"88223",0
"88231",0,"88231",0
"88232",0,"88232",0
"88233",0,"88233",0
"88311",0,"88311",0
"88312",0,"88312",0
"88313",0,"88313",0
"88314",0,"88314",0
"88319",0,"88319",0
"88321",0,"88321",0
"88322",0,"88322",0
"88329",0,"88329",0
"88411",0,"88411",0
"88412",0,"88412",0
"88421",0,"88421",0
"88422",0,"88422",0
"88423",0,"88423",0
"88424",0,"88424",0
"88425",0,"88425",0
"88426",0,"88426",0
"88427",0,"88427",0
"88429",0,"88429",0
"88430",0,"88430",0
"88511",0,"88511",0
"88512",0,"88512",0
"88520",0,"88520",0
"88531",0,"88531",0
"88532",0,"88532",0
"88533",0,"88533",0
"88534",0,"88534",0
"88535",0,"88535",0
"88536",0,"88536",0
"88537",0,"88537",0
"88539",0,"88539",0
"88601",0,"88601",0
"88602",0,"88602",0
"88711",0,"88711",0
"88712",0,"88712",0
"88713",0,"88713",0
"88720",0,"88720",0
"88731",0,"88731",0
"88732",0,"88732",0
"88733",0,"88733",0
"88739",0,"88739",0
"88741",0,"88741",0
"88742",0,"88742",0
"88743",0,"88743",0
"88744",0,"88744",0
"88745",0,"88745",0
"88746",0,"88746",0
"88747",0,"88747",0
"88748",0,"88748",0
"88749",0,"88749",0
"88751",0,"88751",0
"88752",0,"88752",0
"88753",0,"88753",0
"88754",0,"88754",0
"88755",0,"88755",0
"88756",0,"88756",0
"88757",0,"88757",0
"88759",0,"88759",0
"88761",0,"88761",0
"88762",0,"88762",0
"88763",0,"88763",0
"88764",0,"88764",0
"88765",0,"88765",0
"88766",0,"88766",0
"88767",0,"88767",0
"88768",0,"88768",0
"88769",0,"88769",0
"88771",0,"88771",0
"88772",0,"88772",0
"88773",0,"88773",0
"88774",0,"88774",0
"88775",0,"88775",0
"88776",0,"88776",0
"88779",0,"88779",0
"88811",0,"88811",0
"88812",0,"88812",0
"88813",0,"88813",0
"88821",0,"88821",0
"88822",0,"88822",0
"88823",0,"88823",0
"88824",0,"88824",0
"88825",0,"88825",0
"88826",0,"88826",0
"88827",0,"88827",0
"88829",0,"88829",0
"88901",0,"88901",0
"88902",0,"88902",0
"88903",0,"88903",0
"88904",0,"88904",0
"88905",0,"88905",0
"88906",0,"88906",0
"88907",0,"88907",0
"88909",0,"88909",0
"89110",0,"89110",0
"89121",0,"89121",0
"89122",0,"89122",0
"89123",0,"89123",0
"89200",0,"89200",0
"89310",0,"89310",0
"89320",0,"89320",0
"89330",0,"89330",0
"89410",0,"89410",0
"89420",0,"89420",0
"91111",0,"91111",0
"91112",0,"91112",0
"91113",0,"91113",0
"91114",0,"91114",0
"91119",0,"91119",0
"91121",0,"91121",0
"91122",0,"91122",0
"91123",0,"91123",0
"91124",0,"91124",0
"91131",0,"91131",0
"91132",0,"91132",0
"91133",0,"91133",0
"91134",0,"91134",0
"91135",0,"91135",0
"91136",0,"91136",0
"91137",0,"91137",0
"91138",0,"91138",0
"91191",0,"91191",0
"91199",0,"91199",0
"91210",0,"91210",0
"91220",0,"91220",0
"91230",0,"91230",0
"91240",0,"91240",0
"91250",0,"91250",0
"91260",0,"91260",0
"91270",0,"91270",0
"91280",0,"91280",0
"91290",0,"91290",0
"91310",0,"91310",0
"91320",0,"91320",0
"91330",0,"91330",0
"91340",0,"91340",0
"92100",0,"92100",0
"92200",0,"92200",0
"92310",0,"92310",0
"92320",0,"92320",0
"92330",0,"92330",0
"92340",0,"92340",0
"92410",0,"92410",0
"92420",0,"92420",0
"92510",0,"92510",0
"92520",0,"92520",0
"92911",0,"92911",0
"92912",0,"92912",0
"92919",0,"92919",0
"92920",0,"92920",0
"93111",0,"93111",0
"93112",0,"93112",0
"93113",0,"93113",0
"93119",0,"93119",0
"93121",0,"93121",0
"93122",0,"93122",0
"93123",0,"93123",0
"93191",0,"93191",0
"93192",0,"93192",0
"93193",0,"93193",0
"93194",0,"93194",0
"93195",0,"93195",0
"93196",0,"93196",0
"93197",0,"93197",0
"93199",0,"93199",0
"93210",0,"93210",0
"93221",0,"93221",0
"93222",0,"93222",0
"93223",0,"93223",0
"93301",0,"93301",0
"93302",0,"93302",0
"93303",0,"93303",0
"93304",0,"93304",0
"93411",0,"93411",0
"93412",0,"93412",0
"93491",0,"93491",0
"93492",0,"93492",0
"93493",0,"93493",0
"93510",0,"93510",0
"93520",0,"93520",0
"93530",0,"93530",0
"93590",0,"93590",0
"94110",0,"94110",0
"94120",0,"94120",0
"94211",0,"94211",0
"94212",0,"94212",0
"94219",0,"94219",0
"94221",0,"94221",0
"94229",0,"94229",0
"94231",0,"94231",0
"94239",0,"94239",0
"94311",0,"94311",0
"94312",0,"94312",0
"94313",0,"94313",0
"94319",0,"94319",0
"94321",0,"94321",0
"94322",0,"94322",0
"94331",0,"94331",0
"94332",0,"94332",0
"94333",0,"94333",0
"94339",0,"94339",0
"94411",0,"94411",0
"94412",0,"94412",0
"94413",0,"94413",0
"94420",0,"94420",0
"94430",0,"94430",0
"94490",0,"94490",0
"94510",0,"94510",0
"94590",0,"94590",0
"94900",0,"94900",0
"95110",0,"95110",0
"95120",0,"95120",0
"95200",0,"95200",0
"95910",0,"95910",0
"95920",0,"95920",0
"95991",0,"95991",0
"95992",0,"95992",0
"95993",0,"95993",0
"95994",0,"95994",0
"95995",0,"95995",0
"95996",0,"95996",0
"95997",0,"95997",0
"95998",0,"95998",0
"95999",0,"95999",0
"96111",0,"96111",0
"96112",0,"96112",0
"96113",0,"96113",0
"96121",0,"96121",0
"96122",0,"96122",0
"96123",0,"96123",0
"96131",0,"96131",0
"96132",0,"96132",0
"96133",0,"96133",0
"96134",0,"96134",0
"96135",0,"96135",0
"96136",0,"96136",0
"96137",0,"96137",0
"96139",0,"96139",0
"96140",0,"96140",0
"96150",0,"96150",0
"96210",0,"96210",0
"96220",0,"96220",0
"96230",0,"96230",0
"96290",0,"96290",0
"96310",0,"96310",0
"96320",0,"96320",0
"96330",0,"96330",0
"96411",0,"96411",0
"96412",0,"96412",0
"96421",0,"96421",0
"96422",0,"96422",0
"96511",0,"96511",0
"96512",0,"96512",0
"96520",0,"96520",0
"96590",0,"96590",0
"96610",0,"96610",0
"96620",0,"96620",0
"96910",0,"96910",0
"96921",0,"96921",0
"96929",0,"96929",0
"96930",0,"96930",0
"96990",0,"96990",0
"97110",0,"97110",0
"97120",0,"97120",0
"97130",0,"97130",0
"97140",0,"97140",0
"97150",0,"97150",0
"97210",0,"97210",0
"97220",0,"97220",0
"97230",0,"97230",0
"97290",0,"97290",0
"97310",0,"97310",0
"97320",0,"97320",0
"97910",0,"97910",0
"97990",0,"97990",0
"98000",0,"98000",0
"99000",0,"99000",0